"id","gen","sp","ssp","group","en","rec","cnt","loc","lat","lng","alt","type","sex","stage","method","url","file","file-name","sono.small","sono.med","sono.large","sono.full","osci.small","osci.med","osci.large","lic","q","length","time","date","uploaded","also","rmk","bird-seen","animal-seen","playback-used","temp","regnr","auto","dvc","mic","smp"
"421815","Amazona","vinacea","","birds","Vinaceous-breasted Amazon","Fernando Igor de Godoy","Brazil","Monte Alegre, Telêmaco Borba, Paraná","-24.2783","-50.5306","850","call","","","field recording","//xeno-canto.org/421815","https://xeno-canto.org/421815/download","XC421815-1976 Amazona vinacea (calls)Harmonia_160816_FIG.mp3",//xeno-canto.org/sounds/uploaded/CHDHFSVVIN/ffts/XC421815-small.png,//xeno-canto.org/sounds/uploaded/CHDHFSVVIN/ffts/XC421815-med.png,//xeno-canto.org/sounds/uploaded/CHDHFSVVIN/ffts/XC421815-large.png,//xeno-canto.org/sounds/uploaded/CHDHFSVVIN/ffts/XC421815-full.png,//xeno-canto.org/sounds/uploaded/CHDHFSVVIN/wave/XC421815-small.png,//xeno-canto.org/sounds/uploaded/CHDHFSVVIN/wave/XC421815-med.png,//xeno-canto.org/sounds/uploaded/CHDHFSVVIN/wave/XC421815-large.png,"//creativecommons.org/licenses/by-nc-sa/4.0/","no score","1:15","17:00","2016-08-16","2018-06-22","","FCF1976 - Fonoteca Casa da Floresta.","yes","yes","no","","","no","","","44100"
"419141","Amazona","vinacea","","birds","Vinaceous-breasted Amazon","Fernando Igor de Godoy","Brazil","Monte Alegre, Telêmaco Borba, Paraná","-24.2783","-50.5306","850","song","","","field recording","//xeno-canto.org/419141","https://xeno-canto.org/419141/download","XC419141-880 - 915 Amazona vinacea + Chaetura cinereiventris(flight Calls)Varanal_TelemacoBorbaPR130713.mp3",//xeno-canto.org/sounds/uploaded/CHDHFSVVIN/ffts/XC419141-small.png,//xeno-canto.org/sounds/uploaded/CHDHFSVVIN/ffts/XC419141-med.png,//xeno-canto.org/sounds/uploaded/CHDHFSVVIN/ffts/XC419141-large.png,//xeno-canto.org/sounds/uploaded/CHDHFSVVIN/ffts/XC419141-full.png,//xeno-canto.org/sounds/uploaded/CHDHFSVVIN/wave/XC419141-small.png,//xeno-canto.org/sounds/uploaded/CHDHFSVVIN/wave/XC419141-med.png,//xeno-canto.org/sounds/uploaded/CHDHFSVVIN/wave/XC419141-large.png,"//creativecommons.org/licenses/by-nc-sa/4.0/","no score","1:17","07:00","2013-07-13","2018-06-07","Chaetura cinereiventris","FCF0880 - Fonoteca Casa da Floresta","yes","yes","no","","","no","","","48000"
"325864","Amazona","vinacea","","birds","Vinaceous-breasted Amazon","Fernando Igor de Godoy","Brazil","Monte Alegre, Telêmaco Borba, Paraná","-24.2783","-50.5306","850","call","","","field recording","//xeno-canto.org/325864","https://xeno-canto.org/325864/download","XC325864-582. Amazona_vinacea(chamados_pertorodovia)Harmonia_Telemaco_Borba_272013FIG.mp3",//xeno-canto.org/sounds/uploaded/CHDHFSVVIN/ffts/XC325864-small.png,//xeno-canto.org/sounds/uploaded/CHDHFSVVIN/ffts/XC325864-med.png,//xeno-canto.org/sounds/uploaded/CHDHFSVVIN/ffts/XC325864-large.png,//xeno-canto.org/sounds/uploaded/CHDHFSVVIN/ffts/XC325864-full.png,//xeno-canto.org/sounds/uploaded/CHDHFSVVIN/wave/XC325864-small.png,//xeno-canto.org/sounds/uploaded/CHDHFSVVIN/wave/XC325864-med.png,//xeno-canto.org/sounds/uploaded/CHDHFSVVIN/wave/XC325864-large.png,"//creativecommons.org/licenses/by-nc-sa/4.0/","no score","0:28","17:00","2013-02-27","2016-07-06","","FNJV 29955 - Casa da Floresta","yes","yes","no","","","no","","","48000"
"325863","Amazona","vinacea","","birds","Vinaceous-breasted Amazon","Fernando Igor de Godoy","Brazil","Monte Alegre, Telêmaco Borba, Paraná","-24.2783","-50.5306","850","call","","","field recording","//xeno-canto.org/325863","https://xeno-canto.org/325863/download","XC325863-581. Amazona_vinacea(chamados)_Telemaco_Borba_272013FIG.mp3",//xeno-canto.org/sounds/uploaded/CHDHFSVVIN/ffts/XC325863-small.png,//xeno-canto.org/sounds/uploaded/CHDHFSVVIN/ffts/XC325863-med.png,//xeno-canto.org/sounds/uploaded/CHDHFSVVIN/ffts/XC325863-large.png,//xeno-canto.org/sounds/uploaded/CHDHFSVVIN/ffts/XC325863-full.png,//xeno-canto.org/sounds/uploaded/CHDHFSVVIN/wave/XC325863-small.png,//xeno-canto.org/sounds/uploaded/CHDHFSVVIN/wave/XC325863-med.png,//xeno-canto.org/sounds/uploaded/CHDHFSVVIN/wave/XC325863-large.png,"//creativecommons.org/licenses/by-nc-sa/4.0/","no score","0:11","17:00","2013-02-27","2016-07-06","","FNJV 29954 - Casa da Floresta","no","no","no","","","no","","","48000"
"299651","Amazona","vinacea","","birds","Vinaceous-breasted Amazon","Fernando Igor de Godoy","Brazil","Monte Alegre, Telêmaco Borba, Paraná","-24.2783","-50.5306","850","flight call","","","field recording","//xeno-canto.org/299651","https://xeno-canto.org/299651/download","XC299651-247 Amazona vinacea (flight calls)Invernadinha_TelemacoBorbaPR270712.mp3",//xeno-canto.org/sounds/uploaded/CHDHFSVVIN/ffts/XC299651-small.png,//xeno-canto.org/sounds/uploaded/CHDHFSVVIN/ffts/XC299651-med.png,//xeno-canto.org/sounds/uploaded/CHDHFSVVIN/ffts/XC299651-large.png,//xeno-canto.org/sounds/uploaded/CHDHFSVVIN/ffts/XC299651-full.png,//xeno-canto.org/sounds/uploaded/CHDHFSVVIN/wave/XC299651-small.png,//xeno-canto.org/sounds/uploaded/CHDHFSVVIN/wave/XC299651-med.png,//xeno-canto.org/sounds/uploaded/CHDHFSVVIN/wave/XC299651-large.png,"//creativecommons.org/licenses/by-nc-sa/4.0/","no score","0:18","07:00","2012-07-22","2016-01-18","","FNJV 29621 - Casa da Floresta","yes","yes","no","","","no","","","48000"
"174627","Amazona","vinacea","","birds","Vinaceous-breasted Amazon","João Antônio de B. Vitto","Brazil","São Mateus do Sul, Parana","-25.8681","-50.3845","800","call","","","field recording","//xeno-canto.org/174627","https://xeno-canto.org/174627/download","XC174627-PAPAGAIO PEITO ROXO - SMS - 30-10-12.mp3",//xeno-canto.org/sounds/uploaded/RIVNLYTULO/ffts/XC174627-small.png,//xeno-canto.org/sounds/uploaded/RIVNLYTULO/ffts/XC174627-med.png,//xeno-canto.org/sounds/uploaded/RIVNLYTULO/ffts/XC174627-large.png,//xeno-canto.org/sounds/uploaded/RIVNLYTULO/ffts/XC174627-full.png,//xeno-canto.org/sounds/uploaded/RIVNLYTULO/wave/XC174627-small.png,//xeno-canto.org/sounds/uploaded/RIVNLYTULO/wave/XC174627-med.png,//xeno-canto.org/sounds/uploaded/RIVNLYTULO/wave/XC174627-large.png,"//creativecommons.org/licenses/by-nc-sa/4.0/","no score","0:03","10:00","2012-10-30","2014-04-15","","","no","no","no","","","no","","","44100"
"173428","Amazona","vinacea","","birds","Vinaceous-breasted Amazon","Douglas Meyer","Brazil","Parque Nacional da Serra do Itajaí, Botuverá, Santa Catarina","-27.2042","-49.1212","340","song","","","field recording","//xeno-canto.org/173428","https://xeno-canto.org/173428/download","XC173428-Psittacidae_Amazona_vinacea_19_09_2013_H13_59_Botuverá.mp3",//xeno-canto.org/sounds/uploaded/MNENFHYTAE/ffts/XC173428-small.png,//xeno-canto.org/sounds/uploaded/MNENFHYTAE/ffts/XC173428-med.png,//xeno-canto.org/sounds/uploaded/MNENFHYTAE/ffts/XC173428-large.png,//xeno-canto.org/sounds/uploaded/MNENFHYTAE/ffts/XC173428-full.png,//xeno-canto.org/sounds/uploaded/MNENFHYTAE/wave/XC173428-small.png,//xeno-canto.org/sounds/uploaded/MNENFHYTAE/wave/XC173428-med.png,//xeno-canto.org/sounds/uploaded/MNENFHYTAE/wave/XC173428-large.png,"//creativecommons.org/licenses/by-nc-sa/4.0/","no score","0:19","13:59","2013-09-19","2014-04-10","","eight individuals flying.","yes","yes","no","","","no","","","44100"
"170438","Amazona","vinacea","","birds","Vinaceous-breasted Amazon","Roney Assis Souza","Brazil","Belo Oriente, Minas Gerais","-19.2204","-42.4832","260","song","","","field recording","//xeno-canto.org/170438","https://xeno-canto.org/170438/download","XC170438-vinacea.mp3",//xeno-canto.org/sounds/uploaded/AJYSYOLBOF/ffts/XC170438-small.png,//xeno-canto.org/sounds/uploaded/AJYSYOLBOF/ffts/XC170438-med.png,//xeno-canto.org/sounds/uploaded/AJYSYOLBOF/ffts/XC170438-large.png,//xeno-canto.org/sounds/uploaded/AJYSYOLBOF/ffts/XC170438-full.png,//xeno-canto.org/sounds/uploaded/AJYSYOLBOF/wave/XC170438-small.png,//xeno-canto.org/sounds/uploaded/AJYSYOLBOF/wave/XC170438-med.png,//xeno-canto.org/sounds/uploaded/AJYSYOLBOF/wave/XC170438-large.png,"//creativecommons.org/licenses/by-nc-sa/3.0/","no score","0:24","18:00","2014-03-19","2014-03-20","","","yes","yes","no","","","no","","","44100"
"725037","Amazona","vinacea","","birds","Vinaceous-breasted Amazon","JAYRSON ARAUJO DE OLIVEIRA","Brazil","Urupema. Pousada Rio dos Touros, Santa Catarina","-27.9514","-49.9345","1400","flight call","uncertain","adult","field recording","//xeno-canto.org/725037","https://xeno-canto.org/725037/download","XC725037-12-05-2022 16e58 Papagaio de peito roxo URUPEMA.mp3",//xeno-canto.org/sounds/uploaded/LXKLWEDKEM/ffts/XC725037-small.png,//xeno-canto.org/sounds/uploaded/LXKLWEDKEM/ffts/XC725037-med.png,//xeno-canto.org/sounds/uploaded/LXKLWEDKEM/ffts/XC725037-large.png,//xeno-canto.org/sounds/uploaded/LXKLWEDKEM/ffts/XC725037-full.png,//xeno-canto.org/sounds/uploaded/LXKLWEDKEM/wave/XC725037-small.png,//xeno-canto.org/sounds/uploaded/LXKLWEDKEM/wave/XC725037-med.png,//xeno-canto.org/sounds/uploaded/LXKLWEDKEM/wave/XC725037-large.png,"//creativecommons.org/licenses/by-nc-sa/4.0/","A","0:13","16:58","2022-05-12","2022-05-18","Amazona pretrei","","yes","yes","no","","","no","","","44100"
"725029","Amazona","vinacea","","birds","Vinaceous-breasted Amazon","JAYRSON ARAUJO DE OLIVEIRA","Brazil","Urupema. Pousada Rio dos Touros, Santa Catarina","-27.9514","-49.9345","1400","flight call","uncertain","adult","field recording","//xeno-canto.org/725029","https://xeno-canto.org/725029/download","XC725029-12-05-2022 14e13 Papagaio de peito roxo URUPEMA.mp3",//xeno-canto.org/sounds/uploaded/LXKLWEDKEM/ffts/XC725029-small.png,//xeno-canto.org/sounds/uploaded/LXKLWEDKEM/ffts/XC725029-med.png,//xeno-canto.org/sounds/uploaded/LXKLWEDKEM/ffts/XC725029-large.png,//xeno-canto.org/sounds/uploaded/LXKLWEDKEM/ffts/XC725029-full.png,//xeno-canto.org/sounds/uploaded/LXKLWEDKEM/wave/XC725029-small.png,//xeno-canto.org/sounds/uploaded/LXKLWEDKEM/wave/XC725029-med.png,//xeno-canto.org/sounds/uploaded/LXKLWEDKEM/wave/XC725029-large.png,"//creativecommons.org/licenses/by-nc-sa/4.0/","A","0:22","14:13","2022-05-12","2022-05-18","Leptasthenura setaria","","yes","yes","no","","","no","","","44100"
"724673","Amazona","vinacea","","birds","Vinaceous-breasted Amazon","GABRIEL LEITE","Brazil","Urupema. Pousada Rio dos Touros, Santa Catarina","-27.9514","-49.9345","1400","call","","adult","field recording","//xeno-canto.org/724673","https://xeno-canto.org/724673/download","XC724673-Amazona violacea_Urupema_MixPre-076.mp3",//xeno-canto.org/sounds/uploaded/TGBFXDVERJ/ffts/XC724673-small.png,//xeno-canto.org/sounds/uploaded/TGBFXDVERJ/ffts/XC724673-med.png,//xeno-canto.org/sounds/uploaded/TGBFXDVERJ/ffts/XC724673-large.png,//xeno-canto.org/sounds/uploaded/TGBFXDVERJ/ffts/XC724673-full.png,//xeno-canto.org/sounds/uploaded/TGBFXDVERJ/wave/XC724673-small.png,//xeno-canto.org/sounds/uploaded/TGBFXDVERJ/wave/XC724673-med.png,//xeno-canto.org/sounds/uploaded/TGBFXDVERJ/wave/XC724673-large.png,"//creativecommons.org/licenses/by-nc-sa/4.0/","A","0:42","12:00","2022-05-14","2022-05-16","","","yes","yes","no","","","no","","","48000"
"580452","Amazona","vinacea","","birds","Vinaceous-breasted Amazon","Franco Vushurovich","Argentina","Parque Provincial Araucaria, San Pedro, Misiones","-26.6301","-54.0999","550","song","","","field recording","//xeno-canto.org/580452","https://xeno-canto.org/580452/download","XC580452-lorovinoso.mp3",//xeno-canto.org/sounds/uploaded/VLDFGFKOWN/ffts/XC580452-small.png,//xeno-canto.org/sounds/uploaded/VLDFGFKOWN/ffts/XC580452-med.png,//xeno-canto.org/sounds/uploaded/VLDFGFKOWN/ffts/XC580452-large.png,//xeno-canto.org/sounds/uploaded/VLDFGFKOWN/ffts/XC580452-full.png,//xeno-canto.org/sounds/uploaded/VLDFGFKOWN/wave/XC580452-small.png,//xeno-canto.org/sounds/uploaded/VLDFGFKOWN/wave/XC580452-med.png,//xeno-canto.org/sounds/uploaded/VLDFGFKOWN/wave/XC580452-large.png,"//creativecommons.org/licenses/by-nc-sa/4.0/","A","0:19","18:30","2019-03-20","2020-08-02","","","no","no","no","","","no","","","44100"
"541134","Amazona","vinacea","","birds","Vinaceous-breasted Amazon","Marcelo Hübel","Brazil","São Bento do Sul, São Bento do Sul, Santa Catarina","-26.2457","-49.4122","900","alarm call, call, subsong","","adult","field recording, in the hand","//xeno-canto.org/541134","https://xeno-canto.org/541134/download","XC541134-Amazona vinacea  II São Bento do Sul.mp3",//xeno-canto.org/sounds/uploaded/OJWRIBRRJM/ffts/XC541134-small.png,//xeno-canto.org/sounds/uploaded/OJWRIBRRJM/ffts/XC541134-med.png,//xeno-canto.org/sounds/uploaded/OJWRIBRRJM/ffts/XC541134-large.png,//xeno-canto.org/sounds/uploaded/OJWRIBRRJM/ffts/XC541134-full.png,//xeno-canto.org/sounds/uploaded/OJWRIBRRJM/wave/XC541134-small.png,//xeno-canto.org/sounds/uploaded/OJWRIBRRJM/wave/XC541134-med.png,//xeno-canto.org/sounds/uploaded/OJWRIBRRJM/wave/XC541134-large.png,"//creativecommons.org/licenses/by-nc-sa/4.0/","A","0:12","08:20","2020-04-03","2020-04-03","","Cerca de 30 papagaios  que se juntava e separavam em menores grupos,  que sobrevoavam os pinheirais na busca de alimento. Mas neste ano as Araucaria angustifolia tiveram um decréscimo de produção de 80% quando comparado ao ano anterior. As sementes deste ano foram polinizada a 20 meses atras, talvez seja neste momento o problema da atual baixa de produção das sementes que alimentam os papagaios. Espécie ameaçada de extinção.","yes","yes","no","","","no","","","48000"
"541133","Amazona","vinacea","","birds","Vinaceous-breasted Amazon","Marcelo Hübel","Brazil","São Bento do Sul, São Bento do Sul, Santa Catarina","-26.2457","-49.4122","900","alarm call, call, subsong","female, male","adult","field recording","//xeno-canto.org/541133","https://xeno-canto.org/541133/download","XC541133-Amazona vinacea  III São Bento do Sul.mp3",//xeno-canto.org/sounds/uploaded/OJWRIBRRJM/ffts/XC541133-small.png,//xeno-canto.org/sounds/uploaded/OJWRIBRRJM/ffts/XC541133-med.png,//xeno-canto.org/sounds/uploaded/OJWRIBRRJM/ffts/XC541133-large.png,//xeno-canto.org/sounds/uploaded/OJWRIBRRJM/ffts/XC541133-full.png,//xeno-canto.org/sounds/uploaded/OJWRIBRRJM/wave/XC541133-small.png,//xeno-canto.org/sounds/uploaded/OJWRIBRRJM/wave/XC541133-med.png,//xeno-canto.org/sounds/uploaded/OJWRIBRRJM/wave/XC541133-large.png,"//creativecommons.org/licenses/by-nc-sa/4.0/","A","0:19","08:05","2020-04-03","2020-04-03","","Cerca de 30 papagaios  que se juntava e separavam em menores grupos,  que sobrevoavam os pinheirais na busca de alimento. Mas neste ano as Araucaria angustifolia tiveram um decréscimo de produção de 80% quando comparado ao ano anterior. As sementes deste ano foram polinizada a 20 meses atras, talvez seja neste momento o problema da atual baixa de produção das sementes que alimentam os papagaios. Espécie ameaçada de extinção.","yes","yes","no","","","no","","","48000"
"541132","Amazona","vinacea","","birds","Vinaceous-breasted Amazon","Marcelo Hübel","Brazil","São Bento do Sul, São Bento do Sul, Santa Catarina","-26.2457","-49.4122","900","alarm call, call","uncertain","adult","field recording, in the hand","//xeno-canto.org/541132","https://xeno-canto.org/541132/download","XC541132-Amazona vinacea  IV São Bento do Sul.mp3",//xeno-canto.org/sounds/uploaded/OJWRIBRRJM/ffts/XC541132-small.png,//xeno-canto.org/sounds/uploaded/OJWRIBRRJM/ffts/XC541132-med.png,//xeno-canto.org/sounds/uploaded/OJWRIBRRJM/ffts/XC541132-large.png,//xeno-canto.org/sounds/uploaded/OJWRIBRRJM/ffts/XC541132-full.png,//xeno-canto.org/sounds/uploaded/OJWRIBRRJM/wave/XC541132-small.png,//xeno-canto.org/sounds/uploaded/OJWRIBRRJM/wave/XC541132-med.png,//xeno-canto.org/sounds/uploaded/OJWRIBRRJM/wave/XC541132-large.png,"//creativecommons.org/licenses/by-nc-sa/4.0/","A","0:22","08:00","2020-04-03","2020-04-03","","Cerca de 30 papagaios  que se juntava e separavam em menores grupos,  que sobrevoavam os pinheirais na busca de alimento. Mas neste ano as Araucaria angustifolia tiveram um decréscimo de produção de 80% quando comparado ao ano anterior. As sementes deste ano foram polinizada a 20 meses atras, talvez seja neste momento o problema da atual baixa de produção das sementes que alimentam os papagaios.","yes","yes","no","","","no","","","48000"
"503248","Amazona","vinacea","","birds","Vinaceous-breasted Amazon","Franco Vushurovich","Argentina","Parque Provincial Araucaria, San Pedro, Misiones","-26.6301","-54.0999","550","flight call","","","field recording","//xeno-canto.org/503248","https://xeno-canto.org/503248/download","XC503248-Loro.mp3",//xeno-canto.org/sounds/uploaded/VLDFGFKOWN/ffts/XC503248-small.png,//xeno-canto.org/sounds/uploaded/VLDFGFKOWN/ffts/XC503248-med.png,//xeno-canto.org/sounds/uploaded/VLDFGFKOWN/ffts/XC503248-large.png,//xeno-canto.org/sounds/uploaded/VLDFGFKOWN/ffts/XC503248-full.png,//xeno-canto.org/sounds/uploaded/VLDFGFKOWN/wave/XC503248-small.png,//xeno-canto.org/sounds/uploaded/VLDFGFKOWN/wave/XC503248-med.png,//xeno-canto.org/sounds/uploaded/VLDFGFKOWN/wave/XC503248-large.png,"//creativecommons.org/licenses/by-nc-sa/4.0/","A","0:25","18:00","2019-03-20","2019-10-20","Megarynchus pitangua","","yes","yes","no","","","no","","","44100"
"427061","Amazona","vinacea","","birds","Vinaceous-breasted Amazon","Caio Brito","Brazil","Tecnotruta - Santa Marta, Ibitirama-ES, Espírito Santo","-20.466098","-41.731431","1100","canto em voo","","","field recording","//xeno-canto.org/427061","https://xeno-canto.org/427061/download","XC427061-Amazona vinacea -Caio Brito-(Ibitirama-ES)-BRITO1905.mp3",//xeno-canto.org/sounds/uploaded/YWWWUBVAJF/ffts/XC427061-small.png,//xeno-canto.org/sounds/uploaded/YWWWUBVAJF/ffts/XC427061-med.png,//xeno-canto.org/sounds/uploaded/YWWWUBVAJF/ffts/XC427061-large.png,//xeno-canto.org/sounds/uploaded/YWWWUBVAJF/ffts/XC427061-full.png,//xeno-canto.org/sounds/uploaded/YWWWUBVAJF/wave/XC427061-small.png,//xeno-canto.org/sounds/uploaded/YWWWUBVAJF/wave/XC427061-med.png,//xeno-canto.org/sounds/uploaded/YWWWUBVAJF/wave/XC427061-large.png,"//creativecommons.org/licenses/by-nc-sa/4.0/","A","1:26","07:20","2016-09-27","2018-07-23","Procnias nudicollis","habitat:Mata Atlântica;
recorder:Sony PCM-M10;
microphone:Sennheiser ME-066;
volume setting:6.;
weather:Nublado;","unknown","unknown","unknown","","","no","","","48000"
"288368","Amazona","vinacea","","birds","Vinaceous-breasted Amazon","Marcelo Villegas","Brazil","Bom Jardim da Serra, Bom Jardim da Serra, Santa Catarina","-28.3286","-49.5848","1400","flight call","","","field recording","//xeno-canto.org/288368","https://xeno-canto.org/288368/download","XC288368-PESC2_10_Avina.mp3",//xeno-canto.org/sounds/uploaded/YWTZVKKHKP/ffts/XC288368-small.png,//xeno-canto.org/sounds/uploaded/YWTZVKKHKP/ffts/XC288368-med.png,//xeno-canto.org/sounds/uploaded/YWTZVKKHKP/ffts/XC288368-large.png,//xeno-canto.org/sounds/uploaded/YWTZVKKHKP/ffts/XC288368-full.png,//xeno-canto.org/sounds/uploaded/YWTZVKKHKP/wave/XC288368-small.png,//xeno-canto.org/sounds/uploaded/YWTZVKKHKP/wave/XC288368-med.png,//xeno-canto.org/sounds/uploaded/YWTZVKKHKP/wave/XC288368-large.png,"//creativecommons.org/licenses/by-nc-sa/4.0/","A","0:21","18:30","2015-05-07","2015-11-02","","","yes","yes","no","","","no","","","48000"
"268583","Amazona","vinacea","","birds","Vinaceous-breasted Amazon","Fabrice Schmitt","Brazil","Reserva Feliciano Miguel Abdala","-19.7323","-41.8141","400","flight call","","","field recording","//xeno-canto.org/268583","https://xeno-canto.org/268583/download","XC268583-Vinaceous-breasted Amazon_Caratinga_Br_12aug2015_Fschmitt.mp3",//xeno-canto.org/sounds/uploaded/FPAGKPAQYO/ffts/XC268583-small.png,//xeno-canto.org/sounds/uploaded/FPAGKPAQYO/ffts/XC268583-med.png,//xeno-canto.org/sounds/uploaded/FPAGKPAQYO/ffts/XC268583-large.png,//xeno-canto.org/sounds/uploaded/FPAGKPAQYO/ffts/XC268583-full.png,//xeno-canto.org/sounds/uploaded/FPAGKPAQYO/wave/XC268583-small.png,//xeno-canto.org/sounds/uploaded/FPAGKPAQYO/wave/XC268583-med.png,//xeno-canto.org/sounds/uploaded/FPAGKPAQYO/wave/XC268583-large.png,"//creativecommons.org/licenses/by-nc-sa/4.0/","A","0:17","08:00","2015-08-12","2015-08-16","","","no","no","no","","","no","","","48000"
"235510","Amazona","vinacea","","birds","Vinaceous-breasted Amazon","Jeremy Minns","Brazil","Santa Catarina; near Urubici","-27.83","-49.58","850","flight call","","","field recording","//xeno-canto.org/235510","https://xeno-canto.org/235510/download","XC235510-AMAVIN10.mp3",//xeno-canto.org/sounds/uploaded/DGVLLRYDXS/ffts/XC235510-small.png,//xeno-canto.org/sounds/uploaded/DGVLLRYDXS/ffts/XC235510-med.png,//xeno-canto.org/sounds/uploaded/DGVLLRYDXS/ffts/XC235510-large.png,//xeno-canto.org/sounds/uploaded/DGVLLRYDXS/ffts/XC235510-full.png,//xeno-canto.org/sounds/uploaded/DGVLLRYDXS/wave/XC235510-small.png,//xeno-canto.org/sounds/uploaded/DGVLLRYDXS/wave/XC235510-med.png,//xeno-canto.org/sounds/uploaded/DGVLLRYDXS/wave/XC235510-large.png,"//creativecommons.org/licenses/by-nc-sa/4.0/","A","0:18","17:43","2002-11-28","2015-04-13","","sub-montane scrub - several birds, 500-600 m away","yes","yes","no","","","no","","","44100"
"235509","Amazona","vinacea","","birds","Vinaceous-breasted Amazon","Jeremy Minns","Brazil","Santa Catarina; near Urubici","-27.83","-49.58","850","flight call","","","field recording","//xeno-canto.org/235509","https://xeno-canto.org/235509/download","XC235509-AMAVIN09.mp3",//xeno-canto.org/sounds/uploaded/DGVLLRYDXS/ffts/XC235509-small.png,//xeno-canto.org/sounds/uploaded/DGVLLRYDXS/ffts/XC235509-med.png,//xeno-canto.org/sounds/uploaded/DGVLLRYDXS/ffts/XC235509-large.png,//xeno-canto.org/sounds/uploaded/DGVLLRYDXS/ffts/XC235509-full.png,//xeno-canto.org/sounds/uploaded/DGVLLRYDXS/wave/XC235509-small.png,//xeno-canto.org/sounds/uploaded/DGVLLRYDXS/wave/XC235509-med.png,//xeno-canto.org/sounds/uploaded/DGVLLRYDXS/wave/XC235509-large.png,"//creativecommons.org/licenses/by-nc-sa/4.0/","A","0:10","08:15","2002-11-28","2015-04-13","","edge of humid sub-montane forest with much bamboo - fly over by two birds","yes","yes","no","","","no","","","44100"
"100815","Amazona","vinacea","","birds","Vinaceous-breasted Amazon","Antonio Silveira","Brazil","Campos do Jordão, near State Park,SP, Brazil","-22.686","-45.48","1550","song","","","field recording","//xeno-canto.org/100815","https://xeno-canto.org/100815/download","Amazona-vinacea-PECampos-do-JordaoSP-Brazil-3-12-09-ASilveira.mp3",//xeno-canto.org/sounds/uploaded/NBJQSQJRYH/ffts/XC100815-small.png,//xeno-canto.org/sounds/uploaded/NBJQSQJRYH/ffts/XC100815-med.png,//xeno-canto.org/sounds/uploaded/NBJQSQJRYH/ffts/XC100815-large.png,//xeno-canto.org/sounds/uploaded/NBJQSQJRYH/ffts/XC100815-full.png,//xeno-canto.org/sounds/uploaded/NBJQSQJRYH/wave/XC100815-small.png,//xeno-canto.org/sounds/uploaded/NBJQSQJRYH/wave/XC100815-med.png,//xeno-canto.org/sounds/uploaded/NBJQSQJRYH/wave/XC100815-large.png,"//creativecommons.org/licenses/by-nc-nd/2.5/","A","0:51","morning","2009-12-03","2012-05-11","","","unknown","unknown","unknown","","","no","","","44100"
"84863","Amazona","vinacea","","birds","Vinaceous-breasted Amazon","Jeremy Minns","Brazil","Santa Catarina; near Urubici","-27.83","-49.58","915","call, calls, perched and in flight","","","field recording","//xeno-canto.org/84863","https://xeno-canto.org/84863/download","AMAVIN08.mp3",//xeno-canto.org/sounds/uploaded/DGVLLRYDXS/ffts/XC84863-small.png,//xeno-canto.org/sounds/uploaded/DGVLLRYDXS/ffts/XC84863-med.png,//xeno-canto.org/sounds/uploaded/DGVLLRYDXS/ffts/XC84863-large.png,//xeno-canto.org/sounds/uploaded/DGVLLRYDXS/ffts/XC84863-full.png,//xeno-canto.org/sounds/uploaded/DGVLLRYDXS/wave/XC84863-small.png,//xeno-canto.org/sounds/uploaded/DGVLLRYDXS/wave/XC84863-med.png,//xeno-canto.org/sounds/uploaded/DGVLLRYDXS/wave/XC84863-large.png,"//creativecommons.org/licenses/by-nc-sa/3.0/","A","0:34","07:39","2002-11-28","2011-08-02","Cyclarhis gujanensis","Beside SC-430 main road. Humid submontane forest with much bamboo. Single bird in a tree and then flying off.","unknown","unknown","unknown","","","no","","","44100"
"62481","Amazona","vinacea","","birds","Vinaceous-breasted Amazon","Herman van Oosten","Brazil","Campos do Jordao State Park, Sao Paulo state","-22.6681","-45.5031","1600","call","","","field recording","//xeno-canto.org/62481","https://xeno-canto.org/62481/download","vinaceous parrot 1208 24810.mp3",//xeno-canto.org/sounds/uploaded/SNUDCZVUQK/ffts/XC62481-small.png,//xeno-canto.org/sounds/uploaded/SNUDCZVUQK/ffts/XC62481-med.png,//xeno-canto.org/sounds/uploaded/SNUDCZVUQK/ffts/XC62481-large.png,//xeno-canto.org/sounds/uploaded/SNUDCZVUQK/ffts/XC62481-full.png,//xeno-canto.org/sounds/uploaded/SNUDCZVUQK/wave/XC62481-small.png,//xeno-canto.org/sounds/uploaded/SNUDCZVUQK/wave/XC62481-med.png,//xeno-canto.org/sounds/uploaded/SNUDCZVUQK/wave/XC62481-large.png,"//creativecommons.org/licenses/by-nc-nd/2.5/","A","0:18","08:08","2010-08-24","2010-09-18","","Great birds.","unknown","unknown","unknown","","","no","","","44100"
"39665","Amazona","vinacea","","birds","Vinaceous-breasted Amazon","Eduardo Patrial","Brazil","Fazenda Cerro das Flores, Bocaiúva do Sul, PR",NA,NA,"?","call","","","field recording","//xeno-canto.org/39665","https://xeno-canto.org/39665/download","Amazona_vinacea_(Vianceous_Parrot)e.p.26.08.09.mp3",//xeno-canto.org/sounds/uploaded/QEFRRVCRRP/ffts/XC39665-small.png,//xeno-canto.org/sounds/uploaded/QEFRRVCRRP/ffts/XC39665-med.png,//xeno-canto.org/sounds/uploaded/QEFRRVCRRP/ffts/XC39665-large.png,//xeno-canto.org/sounds/uploaded/QEFRRVCRRP/ffts/XC39665-full.png,//xeno-canto.org/sounds/uploaded/QEFRRVCRRP/wave/XC39665-small.png,//xeno-canto.org/sounds/uploaded/QEFRRVCRRP/wave/XC39665-med.png,//xeno-canto.org/sounds/uploaded/QEFRRVCRRP/wave/XC39665-large.png,"//creativecommons.org/licenses/by-nc-nd/2.5/","A","0:36","17:55","2009-08-26","2009-10-16","","Flight.","unknown","unknown","unknown","","","no","","","44100"
"544448","Amazona","vinacea","","birds","Vinaceous-breasted Amazon","Dante Buzzetti","Brazil","Parque Estadual de Campos do Jordão, Campos do Jordão, São Paulo","-22.6774","-45.4732","1540","flight call","","","field recording","//xeno-canto.org/544448","https://xeno-canto.org/544448/download","XC544448-Amazona vinacea DCB 805-8.mp3",//xeno-canto.org/sounds/uploaded/YOXWKYFZAP/ffts/XC544448-small.png,//xeno-canto.org/sounds/uploaded/YOXWKYFZAP/ffts/XC544448-med.png,//xeno-canto.org/sounds/uploaded/YOXWKYFZAP/ffts/XC544448-large.png,//xeno-canto.org/sounds/uploaded/YOXWKYFZAP/ffts/XC544448-full.png,//xeno-canto.org/sounds/uploaded/YOXWKYFZAP/wave/XC544448-small.png,//xeno-canto.org/sounds/uploaded/YOXWKYFZAP/wave/XC544448-med.png,//xeno-canto.org/sounds/uploaded/YOXWKYFZAP/wave/XC544448-large.png,"//creativecommons.org/licenses/by-nc-sa/4.0/","B","0:28","16:30","2020-03-29","2020-04-11","","DCB 805-8","yes","yes","no","","","no","","","44100"
"180157","Amazona","vinacea","","birds","Vinaceous-breasted Amazon","Nárgila Moura","Brazil","Campos do Jordão, near State Park,SP, Brazil","-22.686","-45.48","1500","flight call","","","field recording","//xeno-canto.org/180157","https://xeno-canto.org/180157/download","XC180157-Amazona_vinacea.mp3",//xeno-canto.org/sounds/uploaded/CWEIBYBYYD/ffts/XC180157-small.png,//xeno-canto.org/sounds/uploaded/CWEIBYBYYD/ffts/XC180157-med.png,//xeno-canto.org/sounds/uploaded/CWEIBYBYYD/ffts/XC180157-large.png,//xeno-canto.org/sounds/uploaded/CWEIBYBYYD/ffts/XC180157-full.png,//xeno-canto.org/sounds/uploaded/CWEIBYBYYD/wave/XC180157-small.png,//xeno-canto.org/sounds/uploaded/CWEIBYBYYD/wave/XC180157-med.png,//xeno-canto.org/sounds/uploaded/CWEIBYBYYD/wave/XC180157-large.png,"//creativecommons.org/licenses/by-nc-sa/4.0/","B","0:19","08:00","2014-05-19","2014-05-30","","","yes","yes","no","","","no","","","44100"
"179470","Amazona","vinacea","","birds","Vinaceous-breasted Amazon","Alex Lees","Brazil","Campos do Jordão, São Paulo","-22.666","-45.4534","1500","flight call","","","field recording","//xeno-canto.org/179470","https://xeno-canto.org/179470/download","XC179470-R09_0051_amazona.mp3",//xeno-canto.org/sounds/uploaded/INDDBZAFJL/ffts/XC179470-small.png,//xeno-canto.org/sounds/uploaded/INDDBZAFJL/ffts/XC179470-med.png,//xeno-canto.org/sounds/uploaded/INDDBZAFJL/ffts/XC179470-large.png,//xeno-canto.org/sounds/uploaded/INDDBZAFJL/ffts/XC179470-full.png,//xeno-canto.org/sounds/uploaded/INDDBZAFJL/wave/XC179470-small.png,//xeno-canto.org/sounds/uploaded/INDDBZAFJL/wave/XC179470-med.png,//xeno-canto.org/sounds/uploaded/INDDBZAFJL/wave/XC179470-large.png,"//creativecommons.org/licenses/by-nc-sa/4.0/","B","0:13","08:00","2014-05-19","2014-05-25","Pitangus sulphuratus","","yes","yes","no","","","no","","","44100"
"150910","Amazona","vinacea","","birds","Vinaceous-breasted Amazon","Paulo Affonso Fonseca Pires Neto","Brazil","Palma Sola, Santa Catarina","-26.3247","-53.2885","850","flight call","","","field recording","//xeno-canto.org/150910","https://xeno-canto.org/150910/download","XC150910-Amazona vinace.mp3",//xeno-canto.org/sounds/uploaded/QOMWCAGQJX/ffts/XC150910-small.png,//xeno-canto.org/sounds/uploaded/QOMWCAGQJX/ffts/XC150910-med.png,//xeno-canto.org/sounds/uploaded/QOMWCAGQJX/ffts/XC150910-large.png,//xeno-canto.org/sounds/uploaded/QOMWCAGQJX/ffts/XC150910-full.png,//xeno-canto.org/sounds/uploaded/QOMWCAGQJX/wave/XC150910-small.png,//xeno-canto.org/sounds/uploaded/QOMWCAGQJX/wave/XC150910-med.png,//xeno-canto.org/sounds/uploaded/QOMWCAGQJX/wave/XC150910-large.png,"//creativecommons.org/licenses/by-nc-sa/3.0/","B","0:34","08:00","2013-09-12","2013-10-15","","","yes","yes","no","","","no","","","44100"
"144947","Amazona","vinacea","","birds","Vinaceous-breasted Amazon","Augusto Cezar Francisco Alves","Brazil","Minas Gerais","-19.7993","-41.7174","668","call, pearch","","","field recording","//xeno-canto.org/144947","https://xeno-canto.org/144947/download","XC144947-Amazona_vinacea_pearch_calls_ipanema_mg.mp3",//xeno-canto.org/sounds/uploaded/SFAWGULFER/ffts/XC144947-small.png,//xeno-canto.org/sounds/uploaded/SFAWGULFER/ffts/XC144947-med.png,//xeno-canto.org/sounds/uploaded/SFAWGULFER/ffts/XC144947-large.png,//xeno-canto.org/sounds/uploaded/SFAWGULFER/ffts/XC144947-full.png,//xeno-canto.org/sounds/uploaded/SFAWGULFER/wave/XC144947-small.png,//xeno-canto.org/sounds/uploaded/SFAWGULFER/wave/XC144947-med.png,//xeno-canto.org/sounds/uploaded/SFAWGULFER/wave/XC144947-large.png,"//creativecommons.org/licenses/by-nc-sa/3.0/","B","0:10","08:16","2013-06-20","2013-08-14","","Observed a pair perched in dry tree, open area, near a forest fragment.","yes","yes","no","","","no","","","44100"
"143237","Amazona","vinacea","","birds","Vinaceous-breasted Amazon","Noé Eiterer","Brazil","Viçosa, Minas Gerais","-20.79","-42.8882","800","flight call","","","field recording","//xeno-canto.org/143237","https://xeno-canto.org/143237/download","XC143237-papagaio-de-peito-roxo.mp3",//xeno-canto.org/sounds/uploaded/TWSKITNQOV/ffts/XC143237-small.png,//xeno-canto.org/sounds/uploaded/TWSKITNQOV/ffts/XC143237-med.png,//xeno-canto.org/sounds/uploaded/TWSKITNQOV/ffts/XC143237-large.png,//xeno-canto.org/sounds/uploaded/TWSKITNQOV/ffts/XC143237-full.png,//xeno-canto.org/sounds/uploaded/TWSKITNQOV/wave/XC143237-small.png,//xeno-canto.org/sounds/uploaded/TWSKITNQOV/wave/XC143237-med.png,//xeno-canto.org/sounds/uploaded/TWSKITNQOV/wave/XC143237-large.png,"//creativecommons.org/licenses/by-nc-sa/3.0/","B","0:07","07:00","2013-07-18","2013-07-22","","","yes","yes","no","","","no","","","44100"
"140062","Amazona","vinacea","","birds","Vinaceous-breasted Amazon","Paulo Affonso Fonseca Pires Neto","Brazil","Palma Sola, Santa Catarina","-26.3247","-53.2885","850","call, flight call","","","field recording","//xeno-canto.org/140062","https://xeno-canto.org/140062/download","XC140062-Amazona vinacea bando grande.mp3",//xeno-canto.org/sounds/uploaded/QOMWCAGQJX/ffts/XC140062-small.png,//xeno-canto.org/sounds/uploaded/QOMWCAGQJX/ffts/XC140062-med.png,//xeno-canto.org/sounds/uploaded/QOMWCAGQJX/ffts/XC140062-large.png,//xeno-canto.org/sounds/uploaded/QOMWCAGQJX/ffts/XC140062-full.png,//xeno-canto.org/sounds/uploaded/QOMWCAGQJX/wave/XC140062-small.png,//xeno-canto.org/sounds/uploaded/QOMWCAGQJX/wave/XC140062-med.png,//xeno-canto.org/sounds/uploaded/QOMWCAGQJX/wave/XC140062-large.png,"//creativecommons.org/licenses/by-nc-sa/3.0/","B","0:30","07:30","2013-06-13","2013-06-26","","","yes","yes","no","","","no","","","44100"
"120209","Amazona","vinacea","","birds","Vinaceous-breasted Amazon","GABRIEL LEITE","Brazil","Campos do Jordão, São Paulo","-22.7008","-45.4964","1600","flight call","female, male","","field recording","//xeno-canto.org/120209","https://xeno-canto.org/120209/download","XC120209-Amazona vinacea_Campos do Jordão_1122.MP3",//xeno-canto.org/sounds/uploaded/TGBFXDVERJ/ffts/XC120209-small.png,//xeno-canto.org/sounds/uploaded/TGBFXDVERJ/ffts/XC120209-med.png,//xeno-canto.org/sounds/uploaded/TGBFXDVERJ/ffts/XC120209-large.png,//xeno-canto.org/sounds/uploaded/TGBFXDVERJ/ffts/XC120209-full.png,//xeno-canto.org/sounds/uploaded/TGBFXDVERJ/wave/XC120209-small.png,//xeno-canto.org/sounds/uploaded/TGBFXDVERJ/wave/XC120209-med.png,//xeno-canto.org/sounds/uploaded/TGBFXDVERJ/wave/XC120209-large.png,"//creativecommons.org/licenses/by-nc-sa/3.0/","B","0:30","17:00","2013-01-26","2013-01-26","","","yes","yes","no","","","no","","","44100"
"84862","Amazona","vinacea","","birds","Vinaceous-breasted Amazon","Jeremy Minns","Brazil","Santa Catarina; near Urubici","-27.83","-49.58","915","call, calls on landing","","","field recording","//xeno-canto.org/84862","https://xeno-canto.org/84862/download","AMAVIN07.mp3",//xeno-canto.org/sounds/uploaded/DGVLLRYDXS/ffts/XC84862-small.png,//xeno-canto.org/sounds/uploaded/DGVLLRYDXS/ffts/XC84862-med.png,//xeno-canto.org/sounds/uploaded/DGVLLRYDXS/ffts/XC84862-large.png,//xeno-canto.org/sounds/uploaded/DGVLLRYDXS/ffts/XC84862-full.png,//xeno-canto.org/sounds/uploaded/DGVLLRYDXS/wave/XC84862-small.png,//xeno-canto.org/sounds/uploaded/DGVLLRYDXS/wave/XC84862-med.png,//xeno-canto.org/sounds/uploaded/DGVLLRYDXS/wave/XC84862-large.png,"//creativecommons.org/licenses/by-nc-sa/3.0/","B","0:10","07:16","2002-11-28","2011-08-02","","Beside SC-430 main road. Humid submontane forest with much bamboo. Two birds","unknown","unknown","unknown","","","no","","","44100"
"84861","Amazona","vinacea","","birds","Vinaceous-breasted Amazon","Jeremy Minns","Brazil","Santa Catarina; near Urubici","-27.83","-49.58","915","flight call","","","field recording","//xeno-canto.org/84861","https://xeno-canto.org/84861/download","AMAVIN06.mp3",//xeno-canto.org/sounds/uploaded/DGVLLRYDXS/ffts/XC84861-small.png,//xeno-canto.org/sounds/uploaded/DGVLLRYDXS/ffts/XC84861-med.png,//xeno-canto.org/sounds/uploaded/DGVLLRYDXS/ffts/XC84861-large.png,//xeno-canto.org/sounds/uploaded/DGVLLRYDXS/ffts/XC84861-full.png,//xeno-canto.org/sounds/uploaded/DGVLLRYDXS/wave/XC84861-small.png,//xeno-canto.org/sounds/uploaded/DGVLLRYDXS/wave/XC84861-med.png,//xeno-canto.org/sounds/uploaded/DGVLLRYDXS/wave/XC84861-large.png,"//creativecommons.org/licenses/by-nc-sa/3.0/","B","0:26","07:06","2002-11-28","2011-08-02","","Same place. Single bird.","unknown","unknown","unknown","","","no","","","44100"
"84860","Amazona","vinacea","","birds","Vinaceous-breasted Amazon","Jeremy Minns","Brazil","Campos do Jordão, SP","-22.7167","-45.6001","1500","call, calls, perched","","","field recording","//xeno-canto.org/84860","https://xeno-canto.org/84860/download","AMAVIN02.mp3",//xeno-canto.org/sounds/uploaded/DGVLLRYDXS/ffts/XC84860-small.png,//xeno-canto.org/sounds/uploaded/DGVLLRYDXS/ffts/XC84860-med.png,//xeno-canto.org/sounds/uploaded/DGVLLRYDXS/ffts/XC84860-large.png,//xeno-canto.org/sounds/uploaded/DGVLLRYDXS/ffts/XC84860-full.png,//xeno-canto.org/sounds/uploaded/DGVLLRYDXS/wave/XC84860-small.png,//xeno-canto.org/sounds/uploaded/DGVLLRYDXS/wave/XC84860-med.png,//xeno-canto.org/sounds/uploaded/DGVLLRYDXS/wave/XC84860-large.png,"//creativecommons.org/licenses/by-nc-sa/3.0/","B","0:47","17:01","2002-04-02","2011-08-02","","Horto Florestal. Calls by four birds, perched high in an araucaria.","unknown","unknown","unknown","","","no","","","44100"
"71548","Amazona","vinacea","","birds","Vinaceous-breasted Amazon","Alejandro Bodrati","Argentina","Parque Provincial Cruce Caballero","-26.519","-53.991","600","?","","","field recording","//xeno-canto.org/71548","https://xeno-canto.org/71548/download","AvinaceaAB29Oct2010slide.mp3",//xeno-canto.org/sounds/uploaded/SFWJJTEDEI/ffts/XC71548-small.png,//xeno-canto.org/sounds/uploaded/SFWJJTEDEI/ffts/XC71548-med.png,//xeno-canto.org/sounds/uploaded/SFWJJTEDEI/ffts/XC71548-large.png,//xeno-canto.org/sounds/uploaded/SFWJJTEDEI/ffts/XC71548-full.png,//xeno-canto.org/sounds/uploaded/SFWJJTEDEI/wave/XC71548-small.png,//xeno-canto.org/sounds/uploaded/SFWJJTEDEI/wave/XC71548-med.png,//xeno-canto.org/sounds/uploaded/SFWJJTEDEI/wave/XC71548-large.png,"//creativecommons.org/licenses/by-nc-nd/2.5/","B","0:03","18:00","2010-10-29","2011-02-11","","descending call made during aggressive interaction with conspecifics","unknown","unknown","unknown","","","no","","","44100"
"71528","Amazona","vinacea","","birds","Vinaceous-breasted Amazon","Alejandro Bodrati","Argentina","Parque Provincial Cruce Caballero","-26.519","-53.991","600","?","","","field recording","//xeno-canto.org/71528","https://xeno-canto.org/71528/download","AvinaceaAB29Oct2010chase.mp3",//xeno-canto.org/sounds/uploaded/SFWJJTEDEI/ffts/XC71528-small.png,//xeno-canto.org/sounds/uploaded/SFWJJTEDEI/ffts/XC71528-med.png,//xeno-canto.org/sounds/uploaded/SFWJJTEDEI/ffts/XC71528-large.png,//xeno-canto.org/sounds/uploaded/SFWJJTEDEI/ffts/XC71528-full.png,//xeno-canto.org/sounds/uploaded/SFWJJTEDEI/wave/XC71528-small.png,//xeno-canto.org/sounds/uploaded/SFWJJTEDEI/wave/XC71528-med.png,//xeno-canto.org/sounds/uploaded/SFWJJTEDEI/wave/XC71528-large.png,"//creativecommons.org/licenses/by-nc-nd/2.5/","B","0:57","18:00","2010-10-29","2011-02-11","","One individual chases two others, <100 m from nest","unknown","unknown","unknown","","","no","","","44100"
"61797","Amazona","vinacea","","birds","Vinaceous-breasted Amazon","Marcos Melo","Brazil","Campos do Jordao State Park, Sao Paulo state","-22.6681","-45.5031","?","call, perched calls","","","field recording","//xeno-canto.org/61797","https://xeno-canto.org/61797/download","Avinacea.mp3",//xeno-canto.org/sounds/uploaded/MRGDYNJGUJ/ffts/XC61797-small.png,//xeno-canto.org/sounds/uploaded/MRGDYNJGUJ/ffts/XC61797-med.png,//xeno-canto.org/sounds/uploaded/MRGDYNJGUJ/ffts/XC61797-large.png,//xeno-canto.org/sounds/uploaded/MRGDYNJGUJ/ffts/XC61797-full.png,//xeno-canto.org/sounds/uploaded/MRGDYNJGUJ/wave/XC61797-small.png,//xeno-canto.org/sounds/uploaded/MRGDYNJGUJ/wave/XC61797-med.png,//xeno-canto.org/sounds/uploaded/MRGDYNJGUJ/wave/XC61797-large.png,"//creativecommons.org/licenses/by-nc-nd/2.5/","B","0:25","06:20","2010-08-23","2010-09-03","","","unknown","unknown","unknown","","","no","","","44100"
"55683","Amazona","vinacea","","birds","Vinaceous-breasted Amazon","Myriam Velazquez","Paraguay","Estancia Golondrina, Canindeyu",NA,NA,"?","song","","","field recording","//xeno-canto.org/55683","https://xeno-canto.org/55683/download","PARROT Vinaceous_03_Estancia Golondrina_Canindeyu_PY_8OCT00_Myriam Velazquez.mp3",//xeno-canto.org/sounds/uploaded/BSSDZACLHP/ffts/XC55683-small.png,//xeno-canto.org/sounds/uploaded/BSSDZACLHP/ffts/XC55683-med.png,//xeno-canto.org/sounds/uploaded/BSSDZACLHP/ffts/XC55683-large.png,//xeno-canto.org/sounds/uploaded/BSSDZACLHP/ffts/XC55683-full.png,//xeno-canto.org/sounds/uploaded/BSSDZACLHP/wave/XC55683-small.png,//xeno-canto.org/sounds/uploaded/BSSDZACLHP/wave/XC55683-med.png,//xeno-canto.org/sounds/uploaded/BSSDZACLHP/wave/XC55683-large.png,"//creativecommons.org/licenses/by-nc-nd/2.5/","B","0:16","?:?","2000-10-08","2010-06-16","","<a href=http://www.xeno-canto.org/graphics/conosur.jpg rel=lightbox>From Bird Sounds of Southern South America by Lopez-Lanus (2008)</a>","unknown","unknown","unknown","","","no","","","44100"
"41881","Amazona","vinacea","","birds","Vinaceous-breasted Amazon","Adrian Eisen Rupp","Brazil","Fazenda Santa Rita, Parque Nacional da Serra do Itajaí, Indaial, Santa Catarina ","-27.1073","-49.1573","740","call","","","field recording","//xeno-canto.org/41881","https://xeno-canto.org/41881/download","Amazona vinacea_Sta. Rita_PNSI_Indaial_SC_20-08-2009.mp3",//xeno-canto.org/sounds/uploaded/AOPMSCIDIA/ffts/XC41881-small.png,//xeno-canto.org/sounds/uploaded/AOPMSCIDIA/ffts/XC41881-med.png,//xeno-canto.org/sounds/uploaded/AOPMSCIDIA/ffts/XC41881-large.png,//xeno-canto.org/sounds/uploaded/AOPMSCIDIA/ffts/XC41881-full.png,//xeno-canto.org/sounds/uploaded/AOPMSCIDIA/wave/XC41881-small.png,//xeno-canto.org/sounds/uploaded/AOPMSCIDIA/wave/XC41881-med.png,//xeno-canto.org/sounds/uploaded/AOPMSCIDIA/wave/XC41881-large.png,"//creativecommons.org/licenses/by-nc-nd/2.5/","B","0:39","?","2009-08-20","2009-12-29","","","unknown","unknown","unknown","","","no","","","44100"
"41817","Amazona","vinacea","","birds","Vinaceous-breasted Amazon","Evair Legal","Brazil","Fazenda Santa Rita, Parque Nacional da Serra do Itajaí, Indaial, Santa Catarina","-27.1073","-49.1573","780","flight call","","","field recording","//xeno-canto.org/41817","https://xeno-canto.org/41817/download","Psittacidae._Amazona_vinacea_Faz._Santa Rita_PNSI_24.11.09_ELXC.mp3",//xeno-canto.org/sounds/uploaded/SMJXFKLATM/ffts/XC41817-small.png,//xeno-canto.org/sounds/uploaded/SMJXFKLATM/ffts/XC41817-med.png,//xeno-canto.org/sounds/uploaded/SMJXFKLATM/ffts/XC41817-large.png,//xeno-canto.org/sounds/uploaded/SMJXFKLATM/ffts/XC41817-full.png,//xeno-canto.org/sounds/uploaded/SMJXFKLATM/wave/XC41817-small.png,//xeno-canto.org/sounds/uploaded/SMJXFKLATM/wave/XC41817-med.png,//xeno-canto.org/sounds/uploaded/SMJXFKLATM/wave/XC41817-large.png,"//creativecommons.org/licenses/by-nc-nd/2.5/","B","0:12","18:00","2009-11-24","2009-12-27","","two individuals in flight","unknown","unknown","unknown","","","no","","","44100"
"13509","Amazona","vinacea","","birds","Vinaceous-breasted Amazon","Vitor de Q. Piacentini","Brazil","Morro da Igreja, Urubici, Santa Catarina","-28.13333","-49.5","1200","flight call","","","field recording","//xeno-canto.org/13509","https://xeno-canto.org/13509/download","VQP-Amaz_vin052.mp3",//xeno-canto.org/sounds/uploaded/BMAIKRWPPA/ffts/XC13509-small.png,//xeno-canto.org/sounds/uploaded/BMAIKRWPPA/ffts/XC13509-med.png,//xeno-canto.org/sounds/uploaded/BMAIKRWPPA/ffts/XC13509-large.png,//xeno-canto.org/sounds/uploaded/BMAIKRWPPA/ffts/XC13509-full.png,//xeno-canto.org/sounds/uploaded/BMAIKRWPPA/wave/XC13509-small.png,//xeno-canto.org/sounds/uploaded/BMAIKRWPPA/wave/XC13509-med.png,//xeno-canto.org/sounds/uploaded/BMAIKRWPPA/wave/XC13509-large.png,"//creativecommons.org/licenses/by-nc-nd/2.5/","B","0:09","am","2006-10-20","2008-11-20","","","unknown","unknown","unknown","","","no","","","44100"
"855665","Amazona","vinacea","","birds","Vinaceous-breasted Amazon","Michael Hurben","Brazil","Campos do Jordão, Campos do Jordão, São Paulo","-22.718","-45.591","1700","","","","field recording","//xeno-canto.org/855665","https://xeno-canto.org/855665/download","XC855665-301818731.wav",//xeno-canto.org/sounds/uploaded/ESJQFJUOUH/ffts/XC855665-small.png,//xeno-canto.org/sounds/uploaded/ESJQFJUOUH/ffts/XC855665-med.png,//xeno-canto.org/sounds/uploaded/ESJQFJUOUH/ffts/XC855665-large.png,//xeno-canto.org/sounds/uploaded/ESJQFJUOUH/ffts/XC855665-full.png,//xeno-canto.org/sounds/uploaded/ESJQFJUOUH/wave/XC855665-small.png,//xeno-canto.org/sounds/uploaded/ESJQFJUOUH/wave/XC855665-med.png,//xeno-canto.org/sounds/uploaded/ESJQFJUOUH/wave/XC855665-large.png,"//creativecommons.org/licenses/by-nc-sa/4.0/","C","0:15","16:30","2021-01-05","2023-12-15","","","unknown","unknown","no","","","no","","","44100"
"678288","Amazona","vinacea","","birds","Vinaceous-breasted Amazon","Dante Buzzetti","Brazil","Serra da Bocaina, São José do Barreiro, São Paulo","-22.7285","-44.6358","1540","flight call","","","field recording","//xeno-canto.org/678288","https://xeno-canto.org/678288/download","XC678288-Amazona vinacea DCB 213-5.mp3",//xeno-canto.org/sounds/uploaded/YOXWKYFZAP/ffts/XC678288-small.png,//xeno-canto.org/sounds/uploaded/YOXWKYFZAP/ffts/XC678288-med.png,//xeno-canto.org/sounds/uploaded/YOXWKYFZAP/ffts/XC678288-large.png,//xeno-canto.org/sounds/uploaded/YOXWKYFZAP/ffts/XC678288-full.png,//xeno-canto.org/sounds/uploaded/YOXWKYFZAP/wave/XC678288-small.png,//xeno-canto.org/sounds/uploaded/YOXWKYFZAP/wave/XC678288-med.png,//xeno-canto.org/sounds/uploaded/YOXWKYFZAP/wave/XC678288-large.png,"//creativecommons.org/licenses/by-nc-sa/4.0/","C","0:43","18:30","1998-01-22","2021-10-03","","DCB 213-5","yes","yes","no","","","no","","","44100"
"678287","Amazona","vinacea","","birds","Vinaceous-breasted Amazon","Dante Buzzetti","Brazil","Serra da Bocaina, São José do Barreiro, São Paulo","-22.7285","-44.6358","1540","call","","","field recording","//xeno-canto.org/678287","https://xeno-canto.org/678287/download","XC678287-Amazona vinacea DCB 213-4.mp3",//xeno-canto.org/sounds/uploaded/YOXWKYFZAP/ffts/XC678287-small.png,//xeno-canto.org/sounds/uploaded/YOXWKYFZAP/ffts/XC678287-med.png,//xeno-canto.org/sounds/uploaded/YOXWKYFZAP/ffts/XC678287-large.png,//xeno-canto.org/sounds/uploaded/YOXWKYFZAP/ffts/XC678287-full.png,//xeno-canto.org/sounds/uploaded/YOXWKYFZAP/wave/XC678287-small.png,//xeno-canto.org/sounds/uploaded/YOXWKYFZAP/wave/XC678287-med.png,//xeno-canto.org/sounds/uploaded/YOXWKYFZAP/wave/XC678287-large.png,"//creativecommons.org/licenses/by-nc-sa/4.0/","C","0:09","18:20","1998-01-22","2021-10-03","","DCB 213-4","no","no","no","","","no","","","44100"
"591703","Amazona","vinacea","","birds","Vinaceous-breasted Amazon","Franco Vushurovich","Argentina","Parque Provincial Cruce Caballero, Misiones","-26.519","-53.9887","650","flight call","","","field recording","//xeno-canto.org/591703","https://xeno-canto.org/591703/download","XC591703-lorovinosodomingocruce8am (2).mp3",//xeno-canto.org/sounds/uploaded/VLDFGFKOWN/ffts/XC591703-small.png,//xeno-canto.org/sounds/uploaded/VLDFGFKOWN/ffts/XC591703-med.png,//xeno-canto.org/sounds/uploaded/VLDFGFKOWN/ffts/XC591703-large.png,//xeno-canto.org/sounds/uploaded/VLDFGFKOWN/ffts/XC591703-full.png,//xeno-canto.org/sounds/uploaded/VLDFGFKOWN/wave/XC591703-small.png,//xeno-canto.org/sounds/uploaded/VLDFGFKOWN/wave/XC591703-med.png,//xeno-canto.org/sounds/uploaded/VLDFGFKOWN/wave/XC591703-large.png,"//creativecommons.org/licenses/by-nc-sa/4.0/","C","0:39","08:30","2019-03-24","2020-09-29","Hypoedaleus guttatus;Chamaeza campanisona","Registro lejano de Amazona vinacea.","no","no","no","","","no","","","44100"
"431028","Amazona","vinacea","","birds","Vinaceous-breasted Amazon","Guilherme de Melo Becher","Brazil","Caxias do Sul, Rio Grande do Sul","-29.0066","-50.8079","850","song","","","field recording","//xeno-canto.org/431028","https://xeno-canto.org/431028/download","XC431028-180731_0489 A. vinacea2_caxias.mp3",//xeno-canto.org/sounds/uploaded/VWCBCAIJUC/ffts/XC431028-small.png,//xeno-canto.org/sounds/uploaded/VWCBCAIJUC/ffts/XC431028-med.png,//xeno-canto.org/sounds/uploaded/VWCBCAIJUC/ffts/XC431028-large.png,//xeno-canto.org/sounds/uploaded/VWCBCAIJUC/ffts/XC431028-full.png,//xeno-canto.org/sounds/uploaded/VWCBCAIJUC/wave/XC431028-small.png,//xeno-canto.org/sounds/uploaded/VWCBCAIJUC/wave/XC431028-med.png,//xeno-canto.org/sounds/uploaded/VWCBCAIJUC/wave/XC431028-large.png,"//creativecommons.org/licenses/by-nc-sa/4.0/","C","1:33","08:30","2018-07-31","2018-08-16","","","yes","yes","no","","","no","","","48000"
"380160","Amazona","vinacea","","birds","Vinaceous-breasted Amazon","Luis Pradier","Argentina","PP Cruce Caballero, Misiones","-26.5167","-53.9834","600","call, song","","","field recording","//xeno-canto.org/380160","https://xeno-canto.org/380160/download","XC380160-DR-100_1085.mp3",//xeno-canto.org/sounds/uploaded/FHXVKPJNFP/ffts/XC380160-small.png,//xeno-canto.org/sounds/uploaded/FHXVKPJNFP/ffts/XC380160-med.png,//xeno-canto.org/sounds/uploaded/FHXVKPJNFP/ffts/XC380160-large.png,//xeno-canto.org/sounds/uploaded/FHXVKPJNFP/ffts/XC380160-full.png,//xeno-canto.org/sounds/uploaded/FHXVKPJNFP/wave/XC380160-small.png,//xeno-canto.org/sounds/uploaded/FHXVKPJNFP/wave/XC380160-med.png,//xeno-canto.org/sounds/uploaded/FHXVKPJNFP/wave/XC380160-large.png,"//creativecommons.org/licenses/by-nc-sa/4.0/","C","1:28","09:00","2017-05-26","2017-07-17","Hypoedaleus guttatus","Varios individuos desde unos gajos visibles a mucha altura.","yes","yes","no","","","no","","","48000"
"365677","Amazona","vinacea","","birds","Vinaceous-breasted Amazon","Bobby Wilcox","Argentina","Parque Provincial Cruce Caballero, San Pedro, Misiones","-26.519","-53.991","650","call","","","field recording","//xeno-canto.org/365677","https://xeno-canto.org/365677/download","XC365677-Vb Parrot 80' Crca 0630 mp3 amp.mp3",//xeno-canto.org/sounds/uploaded/YHKQPPJDVP/ffts/XC365677-small.png,//xeno-canto.org/sounds/uploaded/YHKQPPJDVP/ffts/XC365677-med.png,//xeno-canto.org/sounds/uploaded/YHKQPPJDVP/ffts/XC365677-large.png,//xeno-canto.org/sounds/uploaded/YHKQPPJDVP/ffts/XC365677-full.png,//xeno-canto.org/sounds/uploaded/YHKQPPJDVP/wave/XC365677-small.png,//xeno-canto.org/sounds/uploaded/YHKQPPJDVP/wave/XC365677-med.png,//xeno-canto.org/sounds/uploaded/YHKQPPJDVP/wave/XC365677-large.png,"//creativecommons.org/licenses/by-nc-sa/4.0/","C","0:41","06:30","2016-12-02","2017-04-22","","Multiple birds calling in foreground and some in background within Araucaria forest, nearest birds about 25m away.  Amplified with Audacity.","yes","yes","no","","","no","","","48000"
"218410","Amazona","vinacea","","birds","Vinaceous-breasted Amazon","Peter Boesman","Brazil","Sao Francisco de Paula, Rio Grande do Sul","-29.4166666667","-50.8666666667","","call","","","field recording","//xeno-canto.org/218410","https://xeno-canto.org/218410/download","XC218410-Vinaceous Parrot C 2456.mp3",//xeno-canto.org/sounds/uploaded/OOECIWCSWV/ffts/XC218410-small.png,//xeno-canto.org/sounds/uploaded/OOECIWCSWV/ffts/XC218410-med.png,//xeno-canto.org/sounds/uploaded/OOECIWCSWV/ffts/XC218410-large.png,//xeno-canto.org/sounds/uploaded/OOECIWCSWV/ffts/XC218410-full.png,//xeno-canto.org/sounds/uploaded/OOECIWCSWV/wave/XC218410-small.png,//xeno-canto.org/sounds/uploaded/OOECIWCSWV/wave/XC218410-med.png,//xeno-canto.org/sounds/uploaded/OOECIWCSWV/wave/XC218410-large.png,"//creativecommons.org/licenses/by-nc-nd/4.0/","C","0:13","09:15","2005-08-05","2015-03-20","","ID certainty 100%. (Archiv. tape 381 side A track 4 seq. B)","unknown","unknown","unknown","","","no","","","44100"
"218409","Amazona","vinacea","","birds","Vinaceous-breasted Amazon","Peter Boesman","Brazil","Sao Francisco de Paula, Rio Grande do Sul","-29.4166666667","-50.8666666667","","call","","","field recording","//xeno-canto.org/218409","https://xeno-canto.org/218409/download","XC218409-Vinaceous Parrot C 2455.mp3",//xeno-canto.org/sounds/uploaded/OOECIWCSWV/ffts/XC218409-small.png,//xeno-canto.org/sounds/uploaded/OOECIWCSWV/ffts/XC218409-med.png,//xeno-canto.org/sounds/uploaded/OOECIWCSWV/ffts/XC218409-large.png,//xeno-canto.org/sounds/uploaded/OOECIWCSWV/ffts/XC218409-full.png,//xeno-canto.org/sounds/uploaded/OOECIWCSWV/wave/XC218409-small.png,//xeno-canto.org/sounds/uploaded/OOECIWCSWV/wave/XC218409-med.png,//xeno-canto.org/sounds/uploaded/OOECIWCSWV/wave/XC218409-large.png,"//creativecommons.org/licenses/by-nc-nd/4.0/","C","0:37","09:00","2005-08-05","2015-03-20","","ID certainty 100%. (Archiv. tape 381 side A track 2 seq. A)","unknown","unknown","unknown","","","no","","","44100"
"218408","Amazona","vinacea","","birds","Vinaceous-breasted Amazon","Peter Boesman","Brazil","Sao Francisco de Paula, Rio Grande do Sul","-29.4166666667","-50.8666666667","","call","","","field recording","//xeno-canto.org/218408","https://xeno-canto.org/218408/download","XC218408-Vinaceous Parrot C 2453.mp3",//xeno-canto.org/sounds/uploaded/OOECIWCSWV/ffts/XC218408-small.png,//xeno-canto.org/sounds/uploaded/OOECIWCSWV/ffts/XC218408-med.png,//xeno-canto.org/sounds/uploaded/OOECIWCSWV/ffts/XC218408-large.png,//xeno-canto.org/sounds/uploaded/OOECIWCSWV/ffts/XC218408-full.png,//xeno-canto.org/sounds/uploaded/OOECIWCSWV/wave/XC218408-small.png,//xeno-canto.org/sounds/uploaded/OOECIWCSWV/wave/XC218408-med.png,//xeno-canto.org/sounds/uploaded/OOECIWCSWV/wave/XC218408-large.png,"//creativecommons.org/licenses/by-nc-nd/4.0/","C","0:10","08:15","2005-08-05","2015-03-20","","ID certainty 90%. (Archiv. tape 380 side B track 21 seq. A)","unknown","unknown","unknown","","","no","","","44100"
"162200","Amazona","vinacea","","birds","Vinaceous-breasted Amazon","Antonio Silveira","Brazil","Monte Verde,Camanducaia, Minas Gerais State","-22.87","-46.0309","1600","call","female, male","","field recording","//xeno-canto.org/162200","https://xeno-canto.org/162200/download","XC162200-Amazona vinacea-MtVerdeMG-BR-16-4-09-ASilveira.mp3",//xeno-canto.org/sounds/uploaded/NBJQSQJRYH/ffts/XC162200-small.png,//xeno-canto.org/sounds/uploaded/NBJQSQJRYH/ffts/XC162200-med.png,//xeno-canto.org/sounds/uploaded/NBJQSQJRYH/ffts/XC162200-large.png,//xeno-canto.org/sounds/uploaded/NBJQSQJRYH/ffts/XC162200-full.png,//xeno-canto.org/sounds/uploaded/NBJQSQJRYH/wave/XC162200-small.png,//xeno-canto.org/sounds/uploaded/NBJQSQJRYH/wave/XC162200-med.png,//xeno-canto.org/sounds/uploaded/NBJQSQJRYH/wave/XC162200-large.png,"//creativecommons.org/licenses/by-nc-sa/3.0/","C","0:20","10:00","2009-04-16","2014-01-01","","Several birds in flock perched on Araucaria tree singing and eating seeds. Thi part of Atlantic Rainforest has many Araucarias tree.","yes","yes","no","","","no","","","48000"
"152605","Amazona","vinacea","","birds","Vinaceous-breasted Amazon","Alexandre Bianco","Brazil","Campina Grande do Sul, Parana","-25.3067","-49.0524","900","song","","","field recording","//xeno-canto.org/152605","https://xeno-canto.org/152605/download","XC152605-Amazona vinacea (Kuhl, 1820) 2.mp3",//xeno-canto.org/sounds/uploaded/ODNEDFESFY/ffts/XC152605-small.png,//xeno-canto.org/sounds/uploaded/ODNEDFESFY/ffts/XC152605-med.png,//xeno-canto.org/sounds/uploaded/ODNEDFESFY/ffts/XC152605-large.png,//xeno-canto.org/sounds/uploaded/ODNEDFESFY/ffts/XC152605-full.png,//xeno-canto.org/sounds/uploaded/ODNEDFESFY/wave/XC152605-small.png,//xeno-canto.org/sounds/uploaded/ODNEDFESFY/wave/XC152605-med.png,//xeno-canto.org/sounds/uploaded/ODNEDFESFY/wave/XC152605-large.png,"//creativecommons.org/licenses/by-nc-sa/3.0/","C","0:35","08:00","2013-10-05","2013-10-24","","","yes","yes","no","","","no","","","48000"
"30554","Amazona","vinacea","","birds","Vinaceous-breasted Amazon","Adrian Eisen Rupp","Brazil","Fazenda Santa Rita, Parque Nacional da Serra do Itajaí, Indaial, Santa Catarina","-27.1073","-49.1573","750","song","","","field recording","//xeno-canto.org/30554","https://xeno-canto.org/30554/download","Amazona vinacea_Faz. Santa Rita_PNSI_Indaial_SC_11-IX-2007.mp3",//xeno-canto.org/sounds/uploaded/AOPMSCIDIA/ffts/XC30554-small.png,//xeno-canto.org/sounds/uploaded/AOPMSCIDIA/ffts/XC30554-med.png,//xeno-canto.org/sounds/uploaded/AOPMSCIDIA/ffts/XC30554-large.png,//xeno-canto.org/sounds/uploaded/AOPMSCIDIA/ffts/XC30554-full.png,//xeno-canto.org/sounds/uploaded/AOPMSCIDIA/wave/XC30554-small.png,//xeno-canto.org/sounds/uploaded/AOPMSCIDIA/wave/XC30554-med.png,//xeno-canto.org/sounds/uploaded/AOPMSCIDIA/wave/XC30554-large.png,"//creativecommons.org/licenses/by-nc-nd/2.5/","C","0:30","?","2007-09-11","2009-03-06","Pygochelidon cyanoleuca;Troglodytes aedon","","unknown","unknown","unknown","","","no","","","44100"
"24418","Amazona","vinacea","","birds","Vinaceous-breasted Amazon","Adrian Eisen Rupp","Brazil","Bonsucesso, Itaiópolis, Santa Catarina","-26.6834","-49.6942","920","call","","","field recording","//xeno-canto.org/24418","https://xeno-canto.org/24418/download","Amazona vinacea_Bonsucesso_Itaiopolis_SC_11-VII-2006.mp3",//xeno-canto.org/sounds/uploaded/AOPMSCIDIA/ffts/XC24418-small.png,//xeno-canto.org/sounds/uploaded/AOPMSCIDIA/ffts/XC24418-med.png,//xeno-canto.org/sounds/uploaded/AOPMSCIDIA/ffts/XC24418-large.png,//xeno-canto.org/sounds/uploaded/AOPMSCIDIA/ffts/XC24418-full.png,//xeno-canto.org/sounds/uploaded/AOPMSCIDIA/wave/XC24418-small.png,//xeno-canto.org/sounds/uploaded/AOPMSCIDIA/wave/XC24418-med.png,//xeno-canto.org/sounds/uploaded/AOPMSCIDIA/wave/XC24418-large.png,"//creativecommons.org/licenses/by-nc-nd/2.5/","C","0:07","xx:xx","2006-07-11","2008-11-20","Leptasthenura setaria","","unknown","unknown","unknown","","","no","","","44100"
"18976","Amazona","vinacea","","birds","Vinaceous-breasted Amazon","Eduardo Patrial","Brazil","Hotel Veraneio Hampel, São Francisco de Paula, RS","-29.4431","-50.6117","900","song","","","field recording","//xeno-canto.org/18976","https://xeno-canto.org/18976/download","Amazona vinacea (Vinaceous Parrot)E.P.08.06.mp3",//xeno-canto.org/sounds/uploaded/QEFRRVCRRP/ffts/XC18976-small.png,//xeno-canto.org/sounds/uploaded/QEFRRVCRRP/ffts/XC18976-med.png,//xeno-canto.org/sounds/uploaded/QEFRRVCRRP/ffts/XC18976-large.png,//xeno-canto.org/sounds/uploaded/QEFRRVCRRP/ffts/XC18976-full.png,//xeno-canto.org/sounds/uploaded/QEFRRVCRRP/wave/XC18976-small.png,//xeno-canto.org/sounds/uploaded/QEFRRVCRRP/wave/XC18976-med.png,//xeno-canto.org/sounds/uploaded/QEFRRVCRRP/wave/XC18976-large.png,"//creativecommons.org/licenses/by-nc-nd/2.5/","C","0:45","pm","2006-08-00","2008-11-20","","","unknown","unknown","unknown","","","no","","","44100"
"18908","Amazona","vinacea","","birds","Vinaceous-breasted Amazon","Freddy G Burgos","Argentina","San Pedro,Misiones","-26.635798","-54.122772","700","call, flgth call","","","field recording","//xeno-canto.org/18908","https://xeno-canto.org/18908/download","Amazona vinacea3.mp3",//xeno-canto.org/sounds/uploaded/BXGONKTYIE/ffts/XC18908-small.png,//xeno-canto.org/sounds/uploaded/BXGONKTYIE/ffts/XC18908-med.png,//xeno-canto.org/sounds/uploaded/BXGONKTYIE/ffts/XC18908-large.png,//xeno-canto.org/sounds/uploaded/BXGONKTYIE/ffts/XC18908-full.png,//xeno-canto.org/sounds/uploaded/BXGONKTYIE/wave/XC18908-small.png,//xeno-canto.org/sounds/uploaded/BXGONKTYIE/wave/XC18908-med.png,//xeno-canto.org/sounds/uploaded/BXGONKTYIE/wave/XC18908-large.png,"//creativecommons.org/licenses/by-nc-nd/2.5/","C","0:20","0645","2001-04-28","2008-11-20","","grupo de 11 en eucaliptus","unknown","unknown","unknown","","","no","","","44100"
"218411","Amazona","vinacea","","birds","Vinaceous-breasted Amazon","Peter Boesman","Brazil","Sao Francisco de Paula, Rio Grande do Sul","-29.4166666667","-50.8666666667","","call","","","field recording","//xeno-canto.org/218411","https://xeno-canto.org/218411/download","XC218411-Vinaceous Parrot D 2454.mp3",//xeno-canto.org/sounds/uploaded/OOECIWCSWV/ffts/XC218411-small.png,//xeno-canto.org/sounds/uploaded/OOECIWCSWV/ffts/XC218411-med.png,//xeno-canto.org/sounds/uploaded/OOECIWCSWV/ffts/XC218411-large.png,//xeno-canto.org/sounds/uploaded/OOECIWCSWV/ffts/XC218411-full.png,//xeno-canto.org/sounds/uploaded/OOECIWCSWV/wave/XC218411-small.png,//xeno-canto.org/sounds/uploaded/OOECIWCSWV/wave/XC218411-med.png,//xeno-canto.org/sounds/uploaded/OOECIWCSWV/wave/XC218411-large.png,"//creativecommons.org/licenses/by-nc-nd/4.0/","D","0:19","09:00","2005-08-05","2015-03-20","","ID certainty 100%. (Archiv. tape 380 side B track 30 seq. A)","unknown","unknown","unknown","","","no","","","44100"
"169904","Amazona","vinacea","","birds","Vinaceous-breasted Amazon","Roney Assis Souza","Brazil","Belo Oriente, Minas Gerais","-19.2204","-42.4832","260","song","","","field recording","//xeno-canto.org/169904","https://xeno-canto.org/169904/download","XC169904-DSCF2122.mp3",//xeno-canto.org/sounds/uploaded/AJYSYOLBOF/ffts/XC169904-small.png,//xeno-canto.org/sounds/uploaded/AJYSYOLBOF/ffts/XC169904-med.png,//xeno-canto.org/sounds/uploaded/AJYSYOLBOF/ffts/XC169904-large.png,//xeno-canto.org/sounds/uploaded/AJYSYOLBOF/ffts/XC169904-full.png,//xeno-canto.org/sounds/uploaded/AJYSYOLBOF/wave/XC169904-small.png,//xeno-canto.org/sounds/uploaded/AJYSYOLBOF/wave/XC169904-med.png,//xeno-canto.org/sounds/uploaded/AJYSYOLBOF/wave/XC169904-large.png,"//creativecommons.org/licenses/by-nc-sa/3.0/","D","0:11","17:30","2014-03-14","2014-03-14","","","yes","yes","no","","","no","","","44100"
"149018","Amazona","vinacea","","birds","Vinaceous-breasted Amazon","Noé Eiterer","Brazil","Araponga, Minas Gerais","-20.6665","-42.5222","950","flight call","","","field recording","//xeno-canto.org/149018","https://xeno-canto.org/149018/download","XC149018-papagaio-de-peito-roxo2.mp3",//xeno-canto.org/sounds/uploaded/TWSKITNQOV/ffts/XC149018-small.png,//xeno-canto.org/sounds/uploaded/TWSKITNQOV/ffts/XC149018-med.png,//xeno-canto.org/sounds/uploaded/TWSKITNQOV/ffts/XC149018-large.png,//xeno-canto.org/sounds/uploaded/TWSKITNQOV/ffts/XC149018-full.png,//xeno-canto.org/sounds/uploaded/TWSKITNQOV/wave/XC149018-small.png,//xeno-canto.org/sounds/uploaded/TWSKITNQOV/wave/XC149018-med.png,//xeno-canto.org/sounds/uploaded/TWSKITNQOV/wave/XC149018-large.png,"//creativecommons.org/licenses/by-nc-sa/3.0/","D","0:49","16:30","2013-09-21","2013-09-28","","","yes","yes","no","","","no","","","44100"
"23973","Amazona","vinacea","","birds","Vinaceous-breasted Amazon","Guilherme Serpa","Brazil","Águia Branca-ES",NA,NA,"?","song","","","field recording","//xeno-canto.org/23973","https://xeno-canto.org/23973/download","Amazona vinacea.mp3",//xeno-canto.org/sounds/uploaded/ZIEUWTHKRO/ffts/XC23973-small.png,//xeno-canto.org/sounds/uploaded/ZIEUWTHKRO/ffts/XC23973-med.png,//xeno-canto.org/sounds/uploaded/ZIEUWTHKRO/ffts/XC23973-large.png,//xeno-canto.org/sounds/uploaded/ZIEUWTHKRO/ffts/XC23973-full.png,//xeno-canto.org/sounds/uploaded/ZIEUWTHKRO/wave/XC23973-small.png,//xeno-canto.org/sounds/uploaded/ZIEUWTHKRO/wave/XC23973-med.png,//xeno-canto.org/sounds/uploaded/ZIEUWTHKRO/wave/XC23973-large.png,"//creativecommons.org/licenses/by-nc-nd/2.5/","D","0:23","?","2008-09-27","2008-11-20","","howls of a group of Callicebus monkey in the mix","unknown","unknown","unknown","","","no","","","44100"
"705689","Amazona","vinacea","","birds","Vinaceous-breasted Amazon","Fernando Igor de Godoy","Brazil","Carlos Chagas, Minas Gerais","-17.5487","-40.6024","280","flight call","","","field recording","//xeno-canto.org/705689","https://xeno-canto.org/705689/download","XC705689-2730_Amazona vinacea (flight calls)Brasilia_CarlosChagas_MG_220819_FIG.mp3",//xeno-canto.org/sounds/uploaded/CHDHFSVVIN/ffts/XC705689-small.png,//xeno-canto.org/sounds/uploaded/CHDHFSVVIN/ffts/XC705689-med.png,//xeno-canto.org/sounds/uploaded/CHDHFSVVIN/ffts/XC705689-large.png,//xeno-canto.org/sounds/uploaded/CHDHFSVVIN/ffts/XC705689-full.png,//xeno-canto.org/sounds/uploaded/CHDHFSVVIN/wave/XC705689-small.png,//xeno-canto.org/sounds/uploaded/CHDHFSVVIN/wave/XC705689-med.png,//xeno-canto.org/sounds/uploaded/CHDHFSVVIN/wave/XC705689-large.png,"//creativecommons.org/licenses/by-nc-sa/4.0/","E","0:30","05:30","2019-08-22","2022-03-03","","FCF 2730.","yes","yes","no","","","no","","","44100"
"705688","Amazona","vinacea","","birds","Vinaceous-breasted Amazon","Fernando Igor de Godoy","Brazil","Carlos Chagas, Minas Gerais","-17.5487","-40.6024","280","call","","","field recording","//xeno-canto.org/705688","https://xeno-canto.org/705688/download","XC705688-2729_Amazona vinacea (calls)Brasilia_CarlosChagas_MG_220819_FIG.mp3",//xeno-canto.org/sounds/uploaded/CHDHFSVVIN/ffts/XC705688-small.png,//xeno-canto.org/sounds/uploaded/CHDHFSVVIN/ffts/XC705688-med.png,//xeno-canto.org/sounds/uploaded/CHDHFSVVIN/ffts/XC705688-large.png,//xeno-canto.org/sounds/uploaded/CHDHFSVVIN/ffts/XC705688-full.png,//xeno-canto.org/sounds/uploaded/CHDHFSVVIN/wave/XC705688-small.png,//xeno-canto.org/sounds/uploaded/CHDHFSVVIN/wave/XC705688-med.png,//xeno-canto.org/sounds/uploaded/CHDHFSVVIN/wave/XC705688-large.png,"//creativecommons.org/licenses/by-nc-sa/4.0/","E","0:13","05:30","2019-08-22","2022-03-03","","FCF 2729.","yes","yes","no","","","no","","","44100"
"705649","Amazona","vinacea","","birds","Vinaceous-breasted Amazon","Fernando Igor de Godoy","Brazil","Carlos Chagas, Minas Gerais","-17.5487","-40.6024","280","call","","","field recording","//xeno-canto.org/705649","https://xeno-canto.org/705649/download","XC705649-2728_Amazona vinacea (calls)_Brasilia_CarlosChagas_MG_220819_FIG.mp3",//xeno-canto.org/sounds/uploaded/CHDHFSVVIN/ffts/XC705649-small.png,//xeno-canto.org/sounds/uploaded/CHDHFSVVIN/ffts/XC705649-med.png,//xeno-canto.org/sounds/uploaded/CHDHFSVVIN/ffts/XC705649-large.png,//xeno-canto.org/sounds/uploaded/CHDHFSVVIN/ffts/XC705649-full.png,//xeno-canto.org/sounds/uploaded/CHDHFSVVIN/wave/XC705649-small.png,//xeno-canto.org/sounds/uploaded/CHDHFSVVIN/wave/XC705649-med.png,//xeno-canto.org/sounds/uploaded/CHDHFSVVIN/wave/XC705649-large.png,"//creativecommons.org/licenses/by-nc-sa/4.0/","E","0:23","05:30","2019-08-22","2022-03-03","","FCF 2728.","yes","yes","no","","","no","","","44100"
